Week Start,Topic,Category,Count,Prior Week Count,% Change
2026-04-20,social listening,Topics,2,0,NEW
2026-04-20,CPM pricing,Topics,2,0,NEW
2026-04-20,agentic commerce,Topics,2,0,NEW
2026-04-20,CPG marketing,Topics,2,0,NEW
2026-04-20,ChatGPT ads,Topics,2,0,NEW
2026-04-20,conversion tracking,Topics,2,0,NEW
2026-04-20,audience signals,Topics,1,0,NEW
2026-04-20,data strategy,Topics,1,0,NEW
2026-04-20,social commerce,Topics,1,0,NEW
2026-04-20,consumer purchase journey,Topics,1,0,NEW
2026-04-20,social media search,Topics,1,0,NEW
2026-04-20,social media comments moderation,Topics,1,0,NEW
2026-04-20,AI in social media,Topics,1,0,NEW
2026-04-20,brand safety,Topics,1,0,NEW
2026-04-20,community management,Topics,1,0,NEW
2026-04-20,AI in social media marketing,Topics,1,0,NEW
2026-04-20,data signals,Topics,1,0,NEW
2026-04-20,social media analytics,Topics,1,0,NEW
2026-04-20,social media algorithms,Topics,1,0,NEW
2026-04-20,engagement metrics,Topics,1,0,NEW
2026-04-20,content strategy,Topics,1,0,NEW
2026-04-20,follower metrics,Topics,1,0,NEW
2026-04-20,DSPs,Topics,1,0,NEW
2026-04-20,ChatGPT advertising,Topics,1,0,NEW
2026-04-20,generative AI ad placements,Topics,1,0,NEW
2026-04-20,prompt-based targeting,Topics,1,0,NEW
2026-04-20,pilot programs,Topics,1,0,NEW
2026-04-20,experiential marketing,Topics,1,0,NEW
2026-04-20,brand activations,Topics,1,0,NEW
2026-04-20,event marketing,Topics,1,0,NEW
2026-04-20,large language models,Topics,1,0,NEW
2026-04-20,AI-driven media planning,Topics,1,0,NEW
2026-04-20,Performance Max,Topics,1,0,NEW
2026-04-20,search themes,Topics,1,0,NEW
2026-04-20,paid media planning,Topics,1,0,NEW
2026-04-20,awards,Topics,1,0,NEW
2026-04-20,industry recognition,Topics,1,0,NEW
2026-04-20,sports marketing,Topics,1,0,NEW
2026-04-20,industry awards,Topics,1,0,NEW
2026-04-20,agency budgets,Topics,1,0,NEW
2026-04-20,AI impact on agencies,Topics,1,0,NEW
2026-04-20,client spending,Topics,1,0,NEW
2026-04-20,AI shopping bots,Topics,1,0,NEW
2026-04-20,ecommerce strategy,Topics,1,0,NEW
2026-04-20,zero-click search,Topics,1,0,NEW
2026-04-20,publisher strategy,Topics,1,0,NEW
2026-04-20,dynamic paywall,Topics,1,0,NEW
2026-04-20,AI personalization,Topics,1,0,NEW
2026-04-20,content verticals,Topics,1,0,NEW
2026-04-20,app engagement,Topics,1,0,NEW
2026-04-20,audience retention,Topics,1,0,NEW
2026-04-20,upfront negotiations,Topics,1,0,NEW
2026-04-20,sports rights,Topics,1,0,NEW
2026-04-20,NFL,Topics,1,0,NEW
2026-04-20,DOJ probe,Topics,1,0,NEW
2026-04-20,TV ad buying,Topics,1,0,NEW
2026-04-20,DOOH advertising,Topics,1,0,NEW
2026-04-20,World Cup advertising,Topics,1,0,NEW
2026-04-20,sports advertising,Topics,1,0,NEW
2026-04-20,ad spend trends,Topics,1,0,NEW
2026-04-20,holding companies Q1 earnings,Topics,1,0,NEW
2026-04-20,media spend trends,Topics,1,0,NEW
2026-04-20,agency financial performance,Topics,1,0,NEW
2026-04-20,publisher layoffs,Topics,1,0,NEW
2026-04-20,AI Overviews impact on publishers,Topics,1,0,NEW
2026-04-20,media restructuring,Topics,1,0,NEW
2026-04-20,AI in marketing,Topics,1,0,NEW
2026-04-20,digital concierge,Topics,1,0,NEW
2026-04-20,in-store brand experience,Topics,1,0,NEW
2026-04-20,generative AI,Topics,1,0,NEW
2026-04-20,M&A activity,Topics,1,0,NEW
2026-04-20,ad tech dealmaking,Topics,1,0,NEW
2026-04-20,martech dealmaking,Topics,1,0,NEW
2026-04-20,AI investment,Topics,1,0,NEW
2026-04-20,LUMA Partners Q1 report,Topics,1,0,NEW
2026-04-20,macroeconomic uncertainty,Topics,1,0,NEW
2026-04-20,generative AI advertising,Topics,1,0,NEW
2026-04-20,ad pilot programs,Topics,1,0,NEW
2026-04-20,brand building,Topics,1,0,NEW
2026-04-20,marketing talent,Topics,1,0,NEW
2026-04-20,performance vs brand marketing,Topics,1,0,NEW
2026-04-20,UK ad spend,Topics,1,0,NEW
2026-04-20,IPA Bellwether report,Topics,1,0,NEW
2026-04-20,CMO sentiment,Topics,1,0,NEW
2026-04-20,macroeconomic conditions,Topics,1,0,NEW
2026-04-20,Amazon advertising payment policy,Topics,1,0,NEW
2026-04-20,seller pushback,Topics,1,0,NEW
2026-04-20,Sponsored Products,Topics,1,0,NEW
2026-04-20,ad pixels,Topics,1,0,NEW
2026-04-20,AI platform advertising,Topics,1,0,NEW
2026-04-20,AI tools,Topics,1,0,NEW
2026-04-20,publisher technology,Topics,1,0,NEW
2026-04-20,build vs buy,Topics,1,0,NEW
2026-04-20,SaaS,Topics,1,0,NEW
2026-04-20,vibe-coding,Topics,1,0,NEW
2026-04-20,AI agents,Topics,1,0,NEW
2026-04-20,brand-trained agents,Topics,1,0,NEW
2026-04-20,customer insights,Topics,1,0,NEW
2026-04-20,on-site AI,Topics,1,0,NEW
2026-04-20,CIPA,Topics,1,0,NEW
2026-04-20,California Invasion of Privacy Act,Topics,1,0,NEW
2026-04-20,ad tech litigation,Topics,1,0,NEW
2026-04-20,wiretapping lawsuits,Topics,1,0,NEW
2026-04-20,data privacy law,Topics,1,0,NEW
2026-04-20,Privacy Sandbox,Topics,1,0,NEW
2026-04-20,browser-level ad controls,Topics,1,0,NEW
2026-04-20,attribution,Topics,1,0,NEW
2026-04-20,halo effect,Topics,1,0,NEW
2026-04-20,AI advertising,Topics,1,0,NEW
2026-04-20,OpenAI ads,Topics,1,0,NEW
2026-04-20,consumer data privacy,Topics,1,0,NEW
2026-04-20,Big Tech data practices,Topics,1,0,NEW
2026-04-20,diverse-owned media,Topics,1,0,NEW
2026-04-20,RFPs,Topics,1,0,NEW
2026-04-20,audience data,Topics,1,0,NEW
2026-04-20,reach extension,Topics,1,0,NEW
2026-04-20,retail media maturity,Topics,1,0,NEW
2026-04-20,YouTube advertising,Topics,1,0,NEW
2026-04-20,TV upfronts,Topics,1,0,NEW
2026-04-20,creator economy,Topics,1,0,NEW
2026-04-20,CTV positioning,Topics,1,0,NEW
2026-04-20,licensing deals,Topics,1,0,NEW
2026-04-20,OpenAI tracking pixel,Topics,1,0,NEW
2026-04-20,Amazon seller boycott,Topics,1,0,NEW
2026-04-20,Conversions API (CAPI),Topics,1,0,NEW
2026-04-20,server-side tracking,Topics,1,0,NEW
2026-04-20,streaming M&A,Topics,1,0,NEW
2026-04-20,ad-supported streaming,Topics,1,0,NEW
2026-04-20,Netflix ads business,Topics,1,0,NEW
2026-04-20,CTV advertising,Topics,1,0,NEW
2026-04-20,dynamic ad insertion,Topics,1,0,NEW
2026-04-20,live sports streaming,Topics,1,0,NEW
2026-04-20,ad tech stack consolidation,Topics,1,0,NEW
2026-04-20,performance advertising products,Topics,1,0,NEW
2026-04-20,upfronts,Topics,1,0,NEW
2026-04-20,Social,Ad Formats,5,0,NEW
2026-04-20,CTV/OTT,Ad Formats,4,0,NEW
2026-04-20,Video,Ad Formats,3,0,NEW
2026-04-20,Native,Ad Formats,2,0,NEW
2026-04-20,Retail Media Ads,Ad Formats,2,0,NEW
2026-04-20,Search,Ad Formats,1,0,NEW
2026-04-20,DOOH,Ad Formats,1,0,NEW
2026-04-20,Google,FAANG,3,0,NEW
2026-04-20,Amazon,FAANG,2,0,NEW
2026-04-20,Netflix,FAANG,1,0,NEW
2026-04-20,Amazon Ads,Retail Media Networks,2,0,NEW
2026-04-20,Last-Click,Attribution,1,0,NEW
2026-04-20,View-Through,Attribution,1,0,NEW
2026-04-27,agentic AI,Topics,3,0,NEW
2026-04-27,influencer marketing,Topics,3,0,NEW
2026-04-27,CTV advertising,Topics,3,1,+200%
2026-04-27,ad-supported streaming,Topics,2,1,+100%
2026-04-27,sports marketing,Topics,2,1,+100%
2026-04-27,creator economy,Topics,2,1,+100%
2026-04-27,brand safety,Topics,1,1,+0%
2026-04-27,generative AI content,Topics,1,0,NEW
2026-04-27,creator content moderation,Topics,1,0,NEW
2026-04-27,AI agents in ad tech,Topics,1,0,NEW
2026-04-27,data clean rooms,Topics,1,0,NEW
2026-04-27,agency data infrastructure,Topics,1,0,NEW
2026-04-27,Walmart DSP,Topics,1,0,NEW
2026-04-27,self-serve ad platforms,Topics,1,0,NEW
2026-04-27,small business advertising,Topics,1,0,NEW
2026-04-27,retail media marketplace,Topics,1,0,NEW
2026-04-27,AI in creative,Topics,1,0,NEW
2026-04-27,brand campaign,Topics,1,0,NEW
2026-04-27,experiential marketing,Topics,1,1,+0%
2026-04-27,Marketing Mix Modeling,Topics,1,0,NEW
2026-04-27,media budget allocation,Topics,1,0,NEW
2026-04-27,AI in marketing analytics,Topics,1,0,NEW
2026-04-27,evening news ratings,Topics,1,0,NEW
2026-04-27,broadcast TV viewership,Topics,1,0,NEW
2026-04-27,cable news coverage,Topics,1,0,NEW
2026-04-27,White House Correspondents Dinner,Topics,1,0,NEW
2026-04-27,morning TV ratings,Topics,1,0,NEW
2026-04-27,broadcast news,Topics,1,0,NEW
2026-04-27,streaming app launch,Topics,1,0,NEW
2026-04-27,laptop viewing,Topics,1,0,NEW
2026-04-27,device manufacturer advertising,Topics,1,0,NEW
2026-04-27,performance advertising,Topics,1,0,NEW
2026-04-27,Meta ad growth,Topics,1,0,NEW
2026-04-27,first-party data,Topics,1,0,NEW
2026-04-27,synthetic audiences,Topics,1,0,NEW
2026-04-27,audience planning,Topics,1,0,NEW
2026-04-27,publisher data strategy,Topics,1,0,NEW
2026-04-27,cookieless targeting,Topics,1,0,NEW
2026-04-27,OpenAI ad platform,Topics,1,0,NEW
2026-04-27,AI advertising,Topics,1,1,+0%
2026-04-27,marketer pilot programs,Topics,1,0,NEW
2026-04-27,emerging ad platforms,Topics,1,0,NEW
2026-04-27,creator marketing,Topics,1,0,NEW
2026-04-27,agency strategy,Topics,1,0,NEW
2026-04-27,campaign testing,Topics,1,0,NEW
2026-04-27,product innovation,Topics,1,0,NEW
2026-04-27,World Cup advertising,Topics,1,1,+0%
2026-04-27,brand campaigns,Topics,1,0,NEW
2026-04-27,multi-channel advertising,Topics,1,0,NEW
2026-04-27,generative AI in marketing,Topics,1,0,NEW
2026-04-27,creative differentiation,Topics,1,0,NEW
2026-04-27,brand strategy,Topics,1,0,NEW
2026-04-27,brand marketing,Topics,1,0,NEW
2026-04-27,out-of-home advertising,Topics,1,0,NEW
2026-04-27,competitive brand response,Topics,1,0,NEW
2026-04-27,Boston Marathon sponsorship,Topics,1,0,NEW
2026-04-27,agency talent acquisition,Topics,1,0,NEW
2026-04-27,AI in advertising,Topics,1,0,NEW
2026-04-27,newsletter platforms,Topics,1,0,NEW
2026-04-27,podcast platforms,Topics,1,0,NEW
2026-04-27,Beehiiv,Topics,1,0,NEW
2026-04-27,YouTube audio ads,Topics,1,0,NEW
2026-04-27,SiriusXM Media partnership,Topics,1,0,NEW
2026-04-27,audio advertising sales,Topics,1,0,NEW
2026-04-27,ad inventory monetization,Topics,1,0,NEW
2026-04-27,fuel rewards programs,Topics,1,0,NEW
2026-04-27,loyalty programs,Topics,1,0,NEW
2026-04-27,consumer promotions,Topics,1,0,NEW
2026-04-27,foot traffic,Topics,1,0,NEW
2026-04-27,TikTok marketing,Topics,1,0,NEW
2026-04-27,social media strategy,Topics,1,0,NEW
2026-04-27,sports media rights,Topics,1,0,NEW
2026-04-27,international audience expansion,Topics,1,0,NEW
2026-04-27,publisher commerce revenue,Topics,1,0,NEW
2026-04-27,affiliate commerce,Topics,1,0,NEW
2026-04-27,traffic decline,Topics,1,0,NEW
2026-04-27,click-through rates,Topics,1,0,NEW
2026-04-27,audience conversion,Topics,1,0,NEW
2026-04-27,LinkedIn creator marketing,Topics,1,0,NEW
2026-04-27,B2C on B2B platforms,Topics,1,0,NEW
2026-04-27,live streaming,Topics,1,0,NEW
2026-04-27,live sports streaming,Topics,1,1,+0%
2026-04-27,publisher monetization,Topics,1,0,NEW
2026-04-27,global streaming opportunity,Topics,1,0,NEW
2026-04-27,AI shopping agents,Topics,1,0,NEW
2026-04-27,brand agents,Topics,1,0,NEW
2026-04-27,publisher chatbots,Topics,1,0,NEW
2026-04-27,AI monetization,Topics,1,0,NEW
2026-04-27,agentic commerce,Topics,1,2,-50%
2026-04-27,political advertising on CTV,Topics,1,0,NEW
2026-04-27,podcast advertising,Topics,1,0,NEW
2026-04-27,data privacy legislation,Topics,1,0,NEW
2026-04-27,SECURE Data Act,Topics,1,0,NEW
2026-04-27,federal privacy legislation,Topics,1,0,NEW
2026-04-27,state privacy laws,Topics,1,0,NEW
2026-04-27,preemption,Topics,1,0,NEW
2026-04-27,audience overlap,Topics,1,0,NEW
2026-04-27,cross-screen measurement,Topics,1,0,NEW
2026-04-27,upfront vs programmatic,Topics,1,0,NEW
2026-04-27,media planning silos,Topics,1,0,NEW
2026-04-27,frequency management,Topics,1,0,NEW
2026-04-27,vertical video,Topics,1,0,NEW
2026-04-27,streaming platforms,Topics,1,0,NEW
2026-04-27,ad monetization,Topics,1,0,NEW
2026-04-27,transaction IDs,Topics,1,0,NEW
2026-04-27,supply path optimization,Topics,1,0,NEW
2026-04-27,programmatic transparency,Topics,1,0,NEW
2026-04-27,industry standards,Topics,1,0,NEW
2026-04-27,ad tech vendor marketing,Topics,1,0,NEW
2026-04-27,AI-based ad platforms,Topics,1,0,NEW
2026-04-27,AI model costs,Topics,1,0,NEW
2026-04-27,Fox/Tubi advertising,Topics,1,0,NEW
2026-04-27,industry events,Topics,1,0,NEW
2026-04-27,Cannes Lions,Topics,1,0,NEW
2026-04-27,media partnership,Topics,1,0,NEW
2026-04-27,Peacock streaming,Topics,1,0,NEW
2026-04-27,NBCUniversal,Topics,1,0,NEW
2026-04-27,streaming profitability,Topics,1,0,NEW
2026-04-27,ChatGPT advertising,Topics,1,1,+0%
2026-04-27,AI chatbot ads,Topics,1,0,NEW
2026-04-27,generative AI monetization,Topics,1,0,NEW
2026-04-27,minimum spend budgets,Topics,1,0,NEW
2026-04-27,Google,FAANG,4,3,+33%
2026-04-27,Meta,FAANG,1,0,NEW
2026-04-27,Amazon,FAANG,1,2,-50%
2026-04-27,CTV/OTT,Ad Formats,9,4,+125%
2026-04-27,Social,Ad Formats,5,5,+0%
2026-04-27,Video,Ad Formats,5,3,+67%
2026-04-27,Audio,Ad Formats,3,0,NEW
2026-04-27,Display,Ad Formats,2,0,NEW
2026-04-27,Search,Ad Formats,1,1,+0%
2026-04-27,DOOH,Ad Formats,1,1,+0%
2026-04-27,Native,Ad Formats,1,2,-50%
2026-04-27,Clean Rooms,Attribution,1,0,NEW
2026-04-27,MMM,Attribution,1,0,NEW
2026-04-27,Cookieless,Attribution,1,0,NEW
2026-04-27,Walmart Connect,Retail Media Networks,2,0,NEW
2026-04-27,Amazon Ads,Retail Media Networks,1,2,-50%
2026-05-04,generative AI,Topics,4,0,NEW
2026-05-04,agentic AI,Topics,3,3,+0%
2026-05-04,creator economy,Topics,3,2,+50%
2026-05-04,retail media networks,Topics,2,0,NEW
2026-05-04,influencer marketing,Topics,2,3,-33%
2026-05-04,AI in marketing,Topics,2,0,NEW
2026-05-04,industry events,Topics,2,1,+100%
2026-05-04,publisher monetization,Topics,2,1,+100%
2026-05-04,CTV advertising,Topics,2,3,-33%
2026-05-04,CEO leadership,Topics,1,0,NEW
2026-05-04,brand identity,Topics,1,0,NEW
2026-05-04,marketing leadership,Topics,1,0,NEW
2026-05-04,AI in retail media,Topics,1,0,NEW
2026-05-04,closed-loop measurement,Topics,1,0,NEW
2026-05-04,CVS Media Exchange,Topics,1,0,NEW
2026-05-04,CPG marketing,Topics,1,0,NEW
2026-05-04,challenger brands,Topics,1,0,NEW
2026-05-04,Ibotta,Topics,1,0,NEW
2026-05-04,creator-led campaigns,Topics,1,0,NEW
2026-05-04,small business marketing,Topics,1,0,NEW
2026-05-04,branded content,Topics,1,0,NEW
2026-05-04,audio advertising,Topics,1,0,NEW
2026-05-04,brand trust,Topics,1,0,NEW
2026-05-04,measurable outcomes,Topics,1,0,NEW
2026-05-04,GroundTruth,Topics,1,0,NEW
2026-05-04,AI answer engines,Topics,1,0,NEW
2026-05-04,ChatGPT,Topics,1,0,NEW
2026-05-04,customer journey,Topics,1,0,NEW
2026-05-04,brand discovery,Topics,1,0,NEW
2026-05-04,consumer engagement,Topics,1,0,NEW
2026-05-04,Possible conference,Topics,1,0,NEW
2026-05-04,event sponsorship,Topics,1,0,NEW
2026-05-04,onsite retail media,Topics,1,0,NEW
2026-05-04,DSP expansion into retail media,Topics,1,0,NEW
2026-05-04,competition with Criteo,Topics,1,0,NEW
2026-05-04,AI content scraping,Topics,1,0,NEW
2026-05-04,ad tech tax,Topics,1,0,NEW
2026-05-04,AI data brokers,Topics,1,0,NEW
2026-05-04,supply chain transparency,Topics,1,0,NEW
2026-05-04,programmatic media buying,Topics,1,0,NEW
2026-05-04,trade bodies,Topics,1,0,NEW
2026-05-04,industry standards,Topics,1,1,+0%
2026-05-04,media planning automation,Topics,1,0,NEW
2026-05-04,DOOH advertising,Topics,1,0,NEW
2026-05-04,creative adaptation,Topics,1,0,NEW
2026-05-04,OOH partnerships,Topics,1,0,NEW
2026-05-04,cross-channel creative,Topics,1,0,NEW
2026-05-04,AI workflow tools,Topics,1,0,NEW
2026-05-04,influencer partnerships,Topics,1,0,NEW
2026-05-04,ChatGPT ads,Topics,1,0,NEW
2026-05-04,conversion pixel,Topics,1,0,NEW
2026-05-04,EU privacy regulation,Topics,1,0,NEW
2026-05-04,GDPR,Topics,1,0,NEW
2026-05-04,consent-based advertising,Topics,1,0,NEW
2026-05-04,AI advertising,Topics,1,1,+0%
2026-05-04,creator strategy,Topics,1,0,NEW
2026-05-04,sports marketing,Topics,1,2,-50%
2026-05-04,fandom building,Topics,1,0,NEW
2026-05-04,franchise model,Topics,1,0,NEW
2026-05-04,AI visibility tools,Topics,1,0,NEW
2026-05-04,generative AI search,Topics,1,0,NEW
2026-05-04,zero-click search,Topics,1,0,NEW
2026-05-04,measurement benchmarks,Topics,1,0,NEW
2026-05-04,AI search optimization,Topics,1,0,NEW
2026-05-04,YouTube creator data,Topics,1,0,NEW
2026-05-04,audience data sharing,Topics,1,0,NEW
2026-05-04,brand-creator partnerships,Topics,1,0,NEW
2026-05-04,AI answer engine,Topics,1,0,NEW
2026-05-04,audience engagement,Topics,1,0,NEW
2026-05-04,AI content licensing,Topics,1,0,NEW
2026-05-04,publisher revenue,Topics,1,0,NEW
2026-05-04,programmatic advertising pressure,Topics,1,0,NEW
2026-05-04,publisher traffic decline,Topics,1,0,NEW
2026-05-04,X ad platform overhaul,Topics,1,0,NEW
2026-05-04,ad platform performance,Topics,1,0,NEW
2026-05-04,social advertising,Topics,1,0,NEW
2026-05-04,AI-powered ad automation,Topics,1,0,NEW
2026-05-04,Google AI Max,Topics,1,0,NEW
2026-05-04,Alphabet Q1 earnings,Topics,1,0,NEW
2026-05-04,campaign automation,Topics,1,0,NEW
2026-05-04,geopolitical risk,Topics,1,0,NEW
2026-05-04,advertiser uncertainty,Topics,1,0,NEW
2026-05-04,ad spend impact,Topics,1,0,NEW
2026-05-04,publisher ad sales,Topics,1,0,NEW
2026-05-04,outcome-based advertising,Topics,1,0,NEW
2026-05-04,performance advertising,Topics,1,1,+0%
2026-05-04,sales team restructuring,Topics,1,0,NEW
2026-05-04,AI governance,Topics,1,0,NEW
2026-05-04,data privacy,Topics,1,0,NEW
2026-05-04,consent management,Topics,1,0,NEW
2026-05-04,data minimization,Topics,1,0,NEW
2026-05-04,dark patterns,Topics,1,0,NEW
2026-05-04,children's privacy,Topics,1,0,NEW
2026-05-04,culture-first advertising,Topics,1,0,NEW
2026-05-04,social media platforms,Topics,1,0,NEW
2026-05-04,brand safety,Topics,1,1,+0%
2026-05-04,Twitter/X alternatives,Topics,1,0,NEW
2026-05-04,Black Twitter,Topics,1,0,NEW
2026-05-04,niche social platforms,Topics,1,0,NEW
2026-05-04,ad model scalability,Topics,1,0,NEW
2026-05-04,AI search / generative engine optimization (GEO),Topics,1,0,NEW
2026-05-04,SEO,Topics,1,0,NEW
2026-05-04,viral product marketing,Topics,1,0,NEW
2026-05-04,POSSIBLE conference,Topics,1,0,NEW
2026-05-04,industry conference,Topics,1,0,NEW
2026-05-04,POSSIBLE 2026,Topics,1,0,NEW
2026-05-04,LGBTQ+ marketing,Topics,1,0,NEW
2026-05-04,diverse audience targeting,Topics,1,0,NEW
2026-05-04,TV advertising,Topics,1,0,NEW
2026-05-04,POSSIBLE 2026 conference,Topics,1,0,NEW
2026-05-04,marketing technology stack,Topics,1,0,NEW
2026-05-04,SaaS replacement,Topics,1,0,NEW
2026-05-04,martech vendor evaluation,Topics,1,0,NEW
2026-05-04,data-driven advertising tools,Topics,1,0,NEW
2026-05-04,ad experience,Topics,1,0,NEW
2026-05-04,Amazon ad revenue,Topics,1,0,NEW
2026-05-04,AI investment costs,Topics,1,0,NEW
2026-05-04,Q1 earnings,Topics,1,0,NEW
2026-05-04,Reddit ad revenue growth,Topics,1,0,NEW
2026-05-04,daily active users,Topics,1,0,NEW
2026-05-04,generative AI search impact on traffic,Topics,1,0,NEW
2026-05-04,social platform growth,Topics,1,0,NEW
2026-05-04,Other,Retail Media Networks,2,0,NEW
2026-05-04,Amazon Ads,Retail Media Networks,1,1,+0%
2026-05-04,Social,Ad Formats,4,5,-20%
2026-05-04,CTV/OTT,Ad Formats,4,9,-56%
2026-05-04,Retail Media Ads,Ad Formats,2,0,NEW
2026-05-04,Audio,Ad Formats,1,3,-67%
2026-05-04,DOOH,Ad Formats,1,1,+0%
2026-05-04,Video,Ad Formats,1,5,-80%
2026-05-04,Search,Ad Formats,1,1,+0%
2026-05-04,Google,Major Ad Tech Companies,3,0,NEW
2026-05-04,The Trade Desk,Major Ad Tech Companies,1,0,NEW
2026-05-04,TikTok,Major Ad Tech Companies,1,0,NEW
2026-05-04,Amazon,Major Ad Tech Companies,1,0,NEW
2026-05-04,Reddit,Major Ad Tech Companies,1,0,NEW
